epoch,steps,Accuracy,Accuracy_Threshold,F1,F1_Threshold,Precision,Recall,Average_Precision
1.0,594,0.782,0.11677797,0.7863894139886578,-0.78682494,0.734982332155477,0.8455284552845529,0.8797009261005847
2.0,1188,0.812,0.00028801663,0.8057259713701431,-0.3954656,0.8106995884773662,0.8008130081300813,0.9013935813338945
3.0,1782,0.808,-0.16507767,0.8,-0.16507767,0.8205128205128205,0.7804878048780488,0.8980525078622906
4.0,2376,0.808,-0.26304382,0.8063241106719368,-0.883402,0.7846153846153846,0.8292682926829268,0.9043216210554565
5.0,2970,0.81,1.1325912,0.8031496062992125,-0.74857175,0.7786259541984732,0.8292682926829268,0.902976003836695
